week_end,pruid,prename,prfname,numtotal_atleast1dose,numtotal_partially,numtotal_fully,proptotal_atleast1dose,proptotal_partially,proptotal_fully,numeligible_atleast1dose,numeligible_partially,numeligible_fully,propeligible_atleast1dose,propeligible_partially,propeligible_fully,numweekdelta_atleast1dose,numweekdelta_fully,propweekdelta_atleast1dose,propweekdelta_fully
2020-12-19,1,Canada,Canada,12362,12362,0,0.07,0.07,0.00,,,,,,,,,,
2020-12-19,10,Newfoundland and Labrador,Terre-Neuve-et-Labrador,972,972,0,0.19,0.19,0.00,,,,,,,,,,
2020-12-19,12,Nova Scotia,Nouvelle-Écosse,1092,1092,0,0.11,0.11,0.00,,,,,,,,,,
2020-12-19,24,Quebec,Québec,4728,4728,0,0.06,0.06,0.00,,,,,,,,,,
2020-12-19,46,Manitoba,Manitoba,894,894,0,0.06,0.06,0.00,,,,,,,,,,
2020-12-19,47,Saskatchewan,Saskatchewan,1042,1042,0,0.09,0.09,0.00,,,,,,,,,,
2020-12-19,59,British Columbia,Colombie-Britannique,3634,3634,0,0.07,0.07,0.00,,,,,,,,,,
2020-12-19,60,Yukon,Yukon,0,0,0,0.00,0.00,0.00,,,,,,,,,,
2020-12-19,61,Northwest Territories,Territoires du Nord-Ouest,0,0,0,0.00,0.00,0.00,,,,,,,,,,
2020-12-19,62,Nunavut,Nunavut,0,0,0,0.00,0.00,0.00,,,,,,,,,,
2020-12-26,1,Canada,Canada,46156,46156,0,0.20,0.20,0.00,,,,,,,,,,
2020-12-26,10,Newfoundland and Labrador,Terre-Neuve-et-Labrador,1785,1785,0,0.34,0.34,0.00,,,,,,,,,,
2020-12-26,11,Prince Edward Island,Île-du-Prince-Édouard,1146,1146,0,0.72,0.72,0.00,,,,,,,,,,
2020-12-26,12,Nova Scotia,Nouvelle-Écosse,2218,2218,0,0.23,0.23,0.00,,,,,,,,,,
2020-12-26,13,New Brunswick,Nouveau-Brunswick,2606,2606,0,0.33,0.33,0.00,,,,,,,,,,
2020-12-26,24,Quebec,Québec,17216,17216,0,0.20,0.20,0.00,,,,,,,,,,
2020-12-26,46,Manitoba,Manitoba,2177,2177,0,0.16,0.16,0.00,,,,,,,,,,
2020-12-26,47,Saskatchewan,Saskatchewan,1769,1769,0,0.15,0.15,0.00,,,,,,,,,,
2020-12-26,48,Alberta,Alberta,4792,4792,0,0.11,0.11,0.00,,,,,,,,,,
2020-12-26,59,British Columbia,Colombie-Britannique,12447,12447,0,0.24,0.24,0.00,,,,,,,,,,
2020-12-26,60,Yukon,Yukon,0,0,0,0.00,0.00,0.00,,,,,,,,,,
2020-12-26,61,Northwest Territories,Territoires du Nord-Ouest,0,0,0,0.00,0.00,0.00,,,,,,,,,,
2020-12-26,62,Nunavut,Nunavut,0,0,0,0.00,0.00,0.00,,,,,,,,,,
2021-01-02,1,Canada,Canada,82512,82512,0,0.35,0.35,0.00,,,,,,,,,,
2021-01-02,10,Newfoundland and Labrador,Terre-Neuve-et-Labrador,1785,1785,0,0.34,0.34,0.00,,,,,,,,,,
2021-01-02,11,Prince Edward Island,Île-du-Prince-Édouard,1669,1669,0,1.05,1.05,0.00,,,,,,,,,,
2021-01-02,12,Nova Scotia,Nouvelle-Écosse,2720,2720,0,0.28,0.28,0.00,,,,,,,,,,
2021-01-02,13,New Brunswick,Nouveau-Brunswick,2886,2886,0,0.37,0.37,0.00,,,,,,,,,,
2021-01-02,24,Quebec,Québec,28305,28305,,0.33,0.33,,,,,,,,,,,
2021-01-02,46,Manitoba,Manitoba,3432,3432,0,0.25,0.25,0.00,,,,,,,,,,
2021-01-02,47,Saskatchewan,Saskatchewan,3540,3540,0,0.30,0.30,0.00,,,,,,,,,,
2021-01-02,48,Alberta,Alberta,13383,13383,0,0.30,0.30,0.00,,,,,,,,,,
2021-01-02,59,British Columbia,Colombie-Britannique,24670,24670,0,0.48,0.48,0.00,,,,,,,,,,
2021-01-02,60,Yukon,Yukon,0,0,0,0.00,0.00,0.00,,,,,,,,,,
2021-01-02,61,Northwest Territories,Territoires du Nord-Ouest,122,122,0,0.27,0.27,0.00,,,,,,,,,,
2021-01-02,62,Nunavut,Nunavut,0,0,0,0.00,0.00,0.00,,,,,,,,,,
2021-01-09,1,Canada,Canada,217345,212824,4521,0.93,0.91,0.02,,,,,,,,,,
2021-01-09,10,Newfoundland and Labrador,Terre-Neuve-et-Labrador,2847,1994,853,0.55,0.38,0.16,,,,,,,,,,
2021-01-09,11,Prince Edward Island,Île-du-Prince-Édouard,2475,2475,0,1.51,1.51,0.00,,,,,,,,,,
2021-01-09,12,Nova Scotia,Nouvelle-Écosse,2755,1679,1076,0.28,0.17,0.11,,,,,,,,,,
2021-01-09,13,New Brunswick,Nouveau-Brunswick,6241,6241,0,0.79,0.79,0.00,,,,,,,,,,
2021-01-09,24,Quebec,Québec,83278,83278,,0.97,0.97,,,,,,,,,,,
2021-01-09,46,Manitoba,Manitoba,8694,7814,880,0.63,0.56,0.06,,,,,,,,,,
2021-01-09,47,Saskatchewan,Saskatchewan,5516,4563,953,0.47,0.39,0.08,,,,,,,,,,
2021-01-09,48,Alberta,Alberta,44298,43574,724,1.00,0.98,0.02,,,,,,,,,,
2021-01-09,59,British Columbia,Colombie-Britannique,60215,60180,35,1.15,1.15,0.00,,,,,,,,,,
2021-01-09,60,Yukon,Yukon,495,495,0,1.15,1.15,0.00,,,,,,,,,,
2021-01-09,61,Northwest Territories,Territoires du Nord-Ouest,511,511,0,1.12,1.12,0.00,,,,,,,,,,
2021-01-09,62,Nunavut,Nunavut,20,20,0,0.05,0.05,0.00,,,,,,,,,,
2021-01-16,1,Canada,Canada,564921,538173,26748,1.48,1.41,0.07,,,,,,,,,,
2021-01-16,10,Newfoundland and Labrador,Terre-Neuve-et-Labrador,4250,2516,1734,0.82,0.48,0.33,,,,,,,,,,
2021-01-16,11,Prince Edward Island,Île-du-Prince-Édouard,4293,2906,1387,2.61,1.77,0.84,,,,,,,,,,
2021-01-16,12,Nova Scotia,Nouvelle-Écosse,5740,3533,2207,0.58,0.36,0.22,,,,,,,,,,
2021-01-16,13,New Brunswick,Nouveau-Brunswick,7918,5353,2565,1.00,0.68,0.33,,,,,,,,,,
2021-01-16,24,Quebec,Québec,145783,145783,,1.69,1.69,,,,,,,,,,,
2021-01-16,35,Ontario,Ontario,189240,178383,10857,1.28,1.20,0.07,,,,,,,,,,
2021-01-16,46,Manitoba,Manitoba,16499,14355,2144,1.19,1.04,0.15,,,,,,,,,,
2021-01-16,47,Saskatchewan,Saskatchewan,14283,12551,1732,1.21,1.06,0.15,,,,,,,,,,
2021-01-16,48,Alberta,Alberta,81859,77784,4075,1.84,1.75,0.09,,,,,,,,,,
2021-01-16,59,British Columbia,Colombie-Britannique,89715,89668,47,1.72,1.72,0.00,,,,,,,,,,
2021-01-16,60,Yukon,Yukon,1309,1309,0,3.05,3.05,0.00,,,,,,,,,,
2021-01-16,61,Northwest Territories,Territoires du Nord-Ouest,1891,1891,0,4.16,4.16,0.00,,,,,,,,,,
2021-01-16,62,Nunavut,Nunavut,2141,2141,0,5.43,5.43,0.00,,,,,,,,,,
2021-01-23,1,Canada,Canada,775500,716206,59294,2.03,1.87,0.16,,,,,,,,,,
2021-01-23,10,Newfoundland and Labrador,Terre-Neuve-et-Labrador,7448,5711,1737,1.43,1.10,0.33,,,,,,,,,,
2021-01-23,11,Prince Edward Island,Île-du-Prince-Édouard,5211,3327,1884,3.17,2.02,1.15,,,,,,,,,,
2021-01-23,12,Nova Scotia,Nouvelle-Écosse,8288,5580,2708,0.84,0.56,0.27,,,,,,,,,,
2021-01-23,13,New Brunswick,Nouveau-Brunswick,11516,8675,2841,1.46,1.10,0.36,,,,,,,,,,
2021-01-23,24,Quebec,Québec,218827,218827,,2.54,2.54,,,,,,,,,,,
2021-01-23,35,Ontario,Ontario,249132,217691,31441,1.68,1.47,0.21,,,,,,,,,,
2021-01-23,46,Manitoba,Manitoba,25839,22443,3396,1.87,1.62,0.25,,,,,,,,,,
2021-01-23,47,Saskatchewan,Saskatchewan,23663,21205,2458,2.01,1.80,0.21,,,,,,,,,,
2021-01-23,48,Alberta,Alberta,89557,80088,9469,2.02,1.80,0.21,,,,,,,,,,
2021-01-23,59,British Columbia,Colombie-Britannique,118150,114790,3360,2.27,2.20,0.06,,,,,,,,,,
2021-01-23,60,Yukon,Yukon,3950,3950,0,9.19,9.19,0.00,,,,,,,,,,
2021-01-23,61,Northwest Territories,Territoires du Nord-Ouest,9471,9471,0,20.81,20.81,0.00,,,,,,,,,,
2021-01-23,62,Nunavut,Nunavut,4448,4448,0,11.29,11.29,0.00,,,,,,,,,,
2021-01-30,1,Canada,Canada,859240,745591,113649,2.25,1.95,0.30,,,,,,,,,,
2021-01-30,10,Newfoundland and Labrador,Terre-Neuve-et-Labrador,8353,5591,2762,1.60,1.07,0.53,,,,,,,,,,
2021-01-30,11,Prince Edward Island,Île-du-Prince-Édouard,5279,2714,2565,3.21,1.65,1.56,,,,,,,,,,
2021-01-30,12,Nova Scotia,Nouvelle-Écosse,12090,9361,2729,1.22,0.94,0.28,,,,,,,,,,
2021-01-30,13,New Brunswick,Nouveau-Brunswick,12791,8326,4465,1.62,1.05,0.57,,,,,,,,,,
2021-01-30,24,Quebec,Québec,239485,239485,,2.78,2.78,,,,,,,,,,,
2021-01-30,35,Ontario,Ontario,270795,201946,68849,1.83,1.36,0.46,,,,,,,,,,
2021-01-30,46,Manitoba,Manitoba,32441,23938,8503,2.34,1.73,0.61,,,,,,,,,,
2021-01-30,47,Saskatchewan,Saskatchewan,27215,24143,3072,2.31,2.05,0.26,,,,,,,,,,
2021-01-30,48,Alberta,Alberta,90238,74244,15994,2.03,1.67,0.36,,,,,,,,,,
2021-01-30,59,British Columbia,Colombie-Britannique,135501,130909,4592,2.60,2.51,0.09,,,,,,,,,,
2021-01-30,60,Yukon,Yukon,7355,7355,0,17.11,17.11,0.00,,,,,,,,,,
2021-01-30,61,Northwest Territories,Territoires du Nord-Ouest,12233,12115,118,26.88,26.62,0.26,,,,,,,,,,
2021-01-30,62,Nunavut,Nunavut,5464,5464,0,13.87,13.87,0.00,,,,,,,,,,
2021-02-06,1,Canada,Canada,901402,727623,173779,2.36,1.90,0.45,,,,,,,,,,
2021-02-06,10,Newfoundland and Labrador,Terre-Neuve-et-Labrador,8890,4822,4068,1.71,0.93,0.78,,,,,,,,,,
2021-02-06,11,Prince Edward Island,Île-du-Prince-Édouard,5302,1789,3513,3.23,1.09,2.14,,,,,,,,,,
2021-02-06,12,Nova Scotia,Nouvelle-Écosse,12849,7716,5133,1.30,0.78,0.52,,,,,,,,,,
2021-02-06,13,New Brunswick,Nouveau-Brunswick,13250,7837,5413,1.68,0.99,0.69,,,,,,,,,,
2021-02-06,24,Quebec,Québec,257501,257501,,2.99,2.99,,,,,,,,,,,
2021-02-06,35,Ontario,Ontario,277440,175696,101744,1.87,1.19,0.69,,,,,,,,,,
2021-02-06,46,Manitoba,Manitoba,33641,19998,13643,2.43,1.45,0.99,,,,,,,,,,
2021-02-06,47,Saskatchewan,Saskatchewan,29747,24353,5394,2.52,2.06,0.46,,,,,,,,,,
2021-02-06,48,Alberta,Alberta,90668,68989,21679,2.04,1.55,0.49,,,,,,,,,,
2021-02-06,59,British Columbia,Colombie-Britannique,142999,130871,12128,2.74,2.51,0.23,,,,,,,,,,
2021-02-06,60,Yukon,Yukon,10447,9968,479,24.30,23.19,1.11,,,,,,,,,,
2021-02-06,61,Northwest Territories,Territoires du Nord-Ouest,12830,12531,299,28.20,27.54,0.66,,,,,,,,,,
2021-02-06,62,Nunavut,Nunavut,5838,5552,286,14.82,14.09,0.73,,,,,,,,,,
2021-02-13,1,Canada,Canada,973060,665691,307369,2.54,1.74,0.80,,,,,,,,,,
2021-02-13,10,Newfoundland and Labrador,Terre-Neuve-et-Labrador,9792,4343,5449,1.88,0.83,1.05,,,,,,,,,,
2021-02-13,11,Prince Edward Island,Île-du-Prince-Édouard,5690,797,4893,3.46,0.49,2.98,,,,,,,,,,
2021-02-13,12,Nova Scotia,Nouvelle-Écosse,14727,6688,8039,1.48,0.67,0.81,,,,,,,,,,
2021-02-13,13,New Brunswick,Nouveau-Brunswick,13646,6148,7498,1.73,0.78,0.95,,,,,,,,,,
2021-02-13,24,Quebec,Québec,293734,293734,,3.41,3.41,,,,,,,,,,,
2021-02-13,35,Ontario,Ontario,292983,118340,174643,1.98,0.80,1.18,,,,,,,,,,
2021-02-13,46,Manitoba,Manitoba,34848,14442,20406,2.52,1.04,1.47,,,,,,,,,,
2021-02-13,47,Saskatchewan,Saskatchewan,32867,23322,9545,2.79,1.98,0.81,,,,,,,,,,
2021-02-13,48,Alberta,Alberta,94996,44314,50682,2.14,1.00,1.14,,,,,,,,,,
2021-02-13,59,British Columbia,Colombie-Britannique,149182,126548,22634,2.86,2.43,0.43,,,,,,,,,,
2021-02-13,60,Yukon,Yukon,10524,9657,867,24.48,22.47,2.02,,,,,,,,,,
2021-02-13,61,Northwest Territories,Territoires du Nord-Ouest,13575,12996,579,29.83,28.56,1.27,,,,,,,,,,
2021-02-13,62,Nunavut,Nunavut,6496,4362,2134,16.49,11.07,5.42,,,,,,,,,,
2021-02-20,1,Canada,Canada,1086501,651234,435267,2.84,1.70,1.14,,,,,,,,,,
2021-02-20,10,Newfoundland and Labrador,Terre-Neuve-et-Labrador,10436,4324,6112,2.00,0.83,1.17,,,,,,,,,,
2021-02-20,11,Prince Edward Island,Île-du-Prince-Édouard,6450,1294,5156,3.93,0.79,3.14,,,,,,,,,,
2021-02-20,12,Nova Scotia,Nouvelle-Écosse,14915,6690,8225,1.50,0.67,0.83,,,,,,,,,,
2021-02-20,13,New Brunswick,Nouveau-Brunswick,15261,4234,11027,1.93,0.54,1.40,,,,,,,,,,
2021-02-20,24,Quebec,Québec,345979,345979,,4.02,4.02,,,,,,,,,,,
2021-02-20,35,Ontario,Ontario,319915,84862,235053,2.16,0.57,1.59,,,,,,,,,,
2021-02-20,46,Manitoba,Manitoba,36279,11082,25197,2.62,0.80,1.82,,,,,,,,,,
2021-02-20,47,Saskatchewan,Saskatchewan,37764,21804,15960,3.20,1.85,1.35,,,,,,,,,,
2021-02-20,48,Alberta,Alberta,103236,37048,66188,2.32,0.83,1.49,,,,,,,,,,
2021-02-20,59,British Columbia,Colombie-Britannique,164163,108945,55218,3.15,2.09,1.06,,,,,,,,,,
2021-02-20,60,Yukon,Yukon,10613,9523,1090,24.69,22.15,2.54,,,,,,,,,,
2021-02-20,61,Northwest Territories,Territoires du Nord-Ouest,14517,12583,1934,31.90,27.65,4.25,,,,,,,,,,
2021-02-20,62,Nunavut,Nunavut,6973,2866,4107,17.70,7.27,10.42,,,,,,,,,,
2021-02-27,1,Canada,Canada,1381403,843004,538399,3.61,2.20,1.41,,,,,,,,,,
2021-02-27,10,Newfoundland and Labrador,Terre-Neuve-et-Labrador,16623,8411,8212,3.19,1.62,1.58,,,,,,,,,,
2021-02-27,11,Prince Edward Island,Île-du-Prince-Édouard,7363,2151,5212,4.48,1.31,3.17,,,,,,,,,,
2021-02-27,12,Nova Scotia,Nouvelle-Écosse,19734,7116,12618,1.99,0.72,1.27,,,,,,,,,,
2021-02-27,13,New Brunswick,Nouveau-Brunswick,21676,9544,12132,2.75,1.21,1.54,,,,,,,,,,
2021-02-27,24,Quebec,Québec,431743,431743,,5.02,5.02,,,,,,,,,,,
2021-02-27,35,Ontario,Ontario,425162,163239,261923,2.87,1.10,1.77,,,,,,,,,,
2021-02-27,46,Manitoba,Manitoba,46651,17675,28976,3.37,1.28,2.09,,,,,,,,,,
2021-02-27,47,Saskatchewan,Saskatchewan,46285,22829,23456,3.92,1.93,1.99,,,,,,,,,,
2021-02-27,48,Alberta,Alberta,139961,52554,87407,3.15,1.18,1.97,,,,,,,,,,
2021-02-27,59,British Columbia,Colombie-Britannique,192637,108615,84022,3.69,2.08,1.61,,,,,,,,,,
2021-02-27,60,Yukon,Yukon,10958,6156,4802,25.49,14.32,11.17,,,,,,,,,,
2021-02-27,61,Northwest Territories,Territoires du Nord-Ouest,15214,10656,4558,33.43,23.42,10.02,,,,,,,,,,
2021-02-27,62,Nunavut,Nunavut,7396,2315,5081,18.77,5.88,12.89,,,,,,,,,,
2021-03-06,1,Canada,Canada,1854791,1281130,573661,4.85,3.35,1.50,,,,,,,,,,
2021-03-06,10,Newfoundland and Labrador,Terre-Neuve-et-Labrador,21087,11951,9136,4.05,2.30,1.76,,,,,,,,,,
2021-03-06,11,Prince Edward Island,Île-du-Prince-Édouard,8666,3159,5507,5.27,1.92,3.35,,,,,,,,,,
2021-03-06,12,Nova Scotia,Nouvelle-Écosse,25011,10578,14433,2.52,1.07,1.45,,,,,,,,,,
2021-03-06,13,New Brunswick,Nouveau-Brunswick,26308,14166,12142,3.33,1.79,1.54,,,,,,,,,,
2021-03-06,24,Quebec,Québec,548031,548031,,6.37,6.37,,,,,,,,,,,
2021-03-06,35,Ontario,Ontario,619315,347483,271832,4.18,2.34,1.83,,,,,,,,,,
2021-03-06,46,Manitoba,Manitoba,59400,29038,30362,4.29,2.10,2.19,,,,,,,,,,
2021-03-06,47,Saskatchewan,Saskatchewan,56493,29121,27372,4.79,2.47,2.32,,,,,,,,,,
2021-03-06,48,Alberta,Alberta,202240,111622,90618,4.55,2.51,2.04,,,,,,,,,,
2021-03-06,59,British Columbia,Colombie-Britannique,247428,160369,87059,4.74,3.08,1.67,,,,,,,,,,
2021-03-06,60,Yukon,Yukon,14565,5972,8593,33.88,13.89,19.99,,,,,,,,,,
2021-03-06,61,Northwest Territories,Territoires du Nord-Ouest,17053,5904,11149,37.48,12.97,24.50,,,,,,,,,,
2021-03-06,62,Nunavut,Nunavut,9194,3736,5458,23.33,9.48,13.85,,,,,,,,,,
2021-03-13,1,Canada,Canada,2500024,1902260,597764,6.54,4.97,1.56,,,,,,,,,,
2021-03-13,10,Newfoundland and Labrador,Terre-Neuve-et-Labrador,27418,18176,9242,5.27,3.49,1.78,,,,,,,,,,
2021-03-13,11,Prince Edward Island,Île-du-Prince-Édouard,10386,4790,5596,6.32,2.92,3.41,,,,,,,,,,
2021-03-13,12,Nova Scotia,Nouvelle-Écosse,31964,15851,16113,3.22,1.60,1.62,,,,,,,,,,
2021-03-13,13,New Brunswick,Nouveau-Brunswick,39168,27013,12155,4.96,3.42,1.54,,,,,,,,,,
2021-03-13,24,Quebec,Québec,714029,714029,,8.30,8.30,,,,,,,,,,,
2021-03-13,35,Ontario,Ontario,874937,589270,285667,5.90,3.97,1.93,,,,,,,,,,
2021-03-13,46,Manitoba,Manitoba,72282,39151,33131,5.22,2.83,2.39,,,,,,,,,,
2021-03-13,47,Saskatchewan,Saskatchewan,69628,41272,28356,5.90,3.50,2.40,,,,,,,,,,
2021-03-13,48,Alberta,Alberta,288021,196484,91537,6.48,4.42,2.06,,,,,,,,,,
2021-03-13,59,British Columbia,Colombie-Britannique,323058,235878,87180,6.20,4.52,1.67,,,,,,,,,,
2021-03-13,60,Yukon,Yukon,19177,8815,10362,44.61,20.51,24.11,,,,,,,,,,
2021-03-13,61,Northwest Territories,Territoires du Nord-Ouest,19680,7293,12387,43.25,16.03,27.22,,,,,,,,,,
2021-03-13,62,Nunavut,Nunavut,10276,4238,6038,26.08,10.76,15.32,,,,,,,,,,
2021-03-20,1,Canada,Canada,3402773,2772389,630384,8.90,7.25,1.65,,,,,,,,,,
2021-03-20,10,Newfoundland and Labrador,Terre-Neuve-et-Labrador,38915,29354,9561,7.48,5.64,1.84,,,,,,,,,,
2021-03-20,11,Prince Edward Island,Île-du-Prince-Édouard,12995,7380,5615,7.91,4.49,3.42,,,,,,,,,,
2021-03-20,12,Nova Scotia,Nouvelle-Écosse,40820,20720,20100,4.11,2.09,2.03,,,,,,,,,,
2021-03-20,13,New Brunswick,Nouveau-Brunswick,49610,37446,12164,6.29,4.74,1.54,,,,,,,,,,
2021-03-20,24,Quebec,Québec,945382,945382,,10.99,10.99,,,,,,,,,,,
2021-03-20,35,Ontario,Ontario,1225457,927042,298415,8.27,6.25,2.01,,,,,,,,,,
2021-03-20,46,Manitoba,Manitoba,90578,47170,43408,6.55,3.41,3.14,,,,,,,,,,
2021-03-20,47,Saskatchewan,Saskatchewan,101100,70505,30595,8.57,5.98,2.59,,,,,,,,,,
2021-03-20,48,Alberta,Alberta,388455,295430,93025,8.74,6.65,2.09,,,,,,,,,,
2021-03-20,59,British Columbia,Colombie-Britannique,453352,366072,87280,8.69,7.02,1.67,,,,,,,,,,
2021-03-20,60,Yukon,Yukon,22144,11669,10475,51.51,27.15,24.37,,,,,,,,,,
2021-03-20,61,Northwest Territories,Territoires du Nord-Ouest,22107,8826,13281,48.58,19.40,29.19,,,,,,,,,,
2021-03-20,62,Nunavut,Nunavut,11858,5393,6465,30.09,13.69,16.41,,,,,,,,,,
2021-03-27,1,Canada,Canada,4533036,3864994,668042,11.85,10.11,1.75,,,,,,,,,,
2021-03-27,10,Newfoundland and Labrador,Terre-Neuve-et-Labrador,51244,41597,9647,9.84,7.99,1.85,,,,,,,,,,
2021-03-27,11,Prince Edward Island,Île-du-Prince-Édouard,15289,8890,6399,9.30,5.41,3.89,,,,,,,,,,
2021-03-27,12,Nova Scotia,Nouvelle-Écosse,64681,40387,24294,6.52,4.07,2.45,,,,,,,,,,
2021-03-27,13,New Brunswick,Nouveau-Brunswick,80178,67983,12195,10.16,8.61,1.55,,,,,,,,,,
2021-03-27,24,Quebec,Québec,1218798,1218798,,14.16,14.16,,,,,,,,,,,
2021-03-27,35,Ontario,Ontario,1672351,1363194,309157,11.28,9.19,2.09,,,,,,,,,,
2021-03-27,46,Manitoba,Manitoba,117810,62870,54940,8.51,4.54,3.97,,,,,,,,,,
2021-03-27,47,Saskatchewan,Saskatchewan,134559,98267,36292,11.40,8.33,3.08,,,,,,,,,,
2021-03-27,48,Alberta,Alberta,504407,408276,96131,11.35,9.19,2.16,,,,,,,,,,
2021-03-27,59,British Columbia,Colombie-Britannique,613835,526396,87439,11.77,10.09,1.68,,,,,,,,,,
2021-03-27,60,Yukon,Yukon,23028,12268,10760,53.57,28.54,25.03,,,,,,,,,,
2021-03-27,61,Northwest Territories,Territoires du Nord-Ouest,23715,9784,13931,52.12,21.50,30.61,,,,,,,,,,
2021-03-27,62,Nunavut,Nunavut,13141,6284,6857,33.35,15.95,17.40,,,,,,,,,,
2021-04-03,1,Canada,Canada,5788394,5072294,716100,15.13,13.26,1.87,,,,,,,,,,
2021-04-03,10,Newfoundland and Labrador,Terre-Neuve-et-Labrador,78734,69071,9663,15.13,13.27,1.86,,,,,,,,,,
2021-04-03,11,Prince Edward Island,Île-du-Prince-Édouard,19810,12203,7607,12.06,7.43,4.63,,,,,,,,,,
2021-04-03,12,Nova Scotia,Nouvelle-Écosse,83796,54265,29531,8.45,5.47,2.98,,,,,,,,,,
2021-04-03,13,New Brunswick,Nouveau-Brunswick,110912,98634,12278,14.05,12.50,1.56,,,,,,,,,,
2021-04-03,24,Quebec,Québec,1524363,1524363,,17.72,17.72,,,,,,,,,,,
2021-04-03,35,Ontario,Ontario,2171573,1849755,321818,14.65,12.48,2.17,,,,,,,,,,
2021-04-03,46,Manitoba,Manitoba,147826,86315,61511,10.68,6.24,4.45,,,,,,,,,,
2021-04-03,47,Saskatchewan,Saskatchewan,182416,143258,39158,15.46,12.14,3.32,,,,,,,,,,
2021-04-03,48,Alberta,Alberta,600594,488608,111986,13.52,11.00,2.52,,,,,,,,,,
2021-04-03,59,British Columbia,Colombie-Britannique,807444,719837,87607,15.48,13.80,1.68,,,,,,,,,,
2021-04-03,60,Yukon,Yukon,23414,11278,12136,54.47,26.24,28.23,,,,,,,,,,
2021-04-03,61,Northwest Territories,Territoires du Nord-Ouest,24097,9628,14469,52.96,21.16,31.80,,,,,,,,,,
2021-04-03,62,Nunavut,Nunavut,13415,5079,8336,34.05,12.89,21.16,,,,,,,,,,
2021-04-10,1,Canada,Canada,7339539,6520540,818999,19.19,17.05,2.14,,,,,,,,,,
2021-04-10,10,Newfoundland and Labrador,Terre-Neuve-et-Labrador,100594,90920,9674,19.32,17.47,1.86,,,,,,,,,,
2021-04-10,11,Prince Edward Island,Île-du-Prince-Édouard,26305,17549,8756,16.01,10.68,5.33,,,,,,,,,,
2021-04-10,12,Nova Scotia,Nouvelle-Écosse,116818,85699,31119,11.78,8.64,3.14,,,,,,,,,,
2021-04-10,13,New Brunswick,Nouveau-Brunswick,135799,120022,15777,17.21,15.21,2.00,,,,,,,,,,
2021-04-10,24,Quebec,Québec,1873379,1857562,15817,21.77,21.59,0.18,,,,,,,,,,
2021-04-10,35,Ontario,Ontario,2808322,2475356,332966,18.94,16.70,2.25,,,,,,,,,,
2021-04-10,46,Manitoba,Manitoba,215922,147407,68515,15.60,10.65,4.95,,,,,,,,,,
2021-04-10,47,Saskatchewan,Saskatchewan,249539,208047,41492,21.15,17.63,3.52,,,,,,,,,,
2021-04-10,48,Alberta,Alberta,728291,563935,164356,16.39,12.69,3.70,,,,,,,,,,
2021-04-10,59,British Columbia,Colombie-Britannique,1022228,934409,87819,19.60,17.92,1.68,,,,,,,,,,
2021-04-10,60,Yukon,Yukon,23872,7096,16776,55.53,16.51,39.03,,,,,,,,,,
2021-04-10,61,Northwest Territories,Territoires du Nord-Ouest,24740,8271,16469,54.37,18.18,36.19,,,,,,,,,,
2021-04-10,62,Nunavut,Nunavut,13730,4267,9463,34.85,10.83,24.02,,,,,,,,,,
2021-04-17,1,Canada,Canada,9195113,8265016,930097,24.04,21.61,2.43,,,,,,,,,,
2021-04-17,10,Newfoundland and Labrador,Terre-Neuve-et-Labrador,122808,113134,9674,23.59,21.73,1.86,,,,,,,,,,
2021-04-17,11,Prince Edward Island,Île-du-Prince-Édouard,33368,23801,9567,20.31,14.48,5.82,,,,,,,,,,
2021-04-17,12,Nova Scotia,Nouvelle-Écosse,173886,141404,32482,17.53,14.25,3.27,,,,,,,,,,
2021-04-17,13,New Brunswick,Nouveau-Brunswick,182669,163822,18847,23.15,20.76,2.39,,,,,,,,,,
2021-04-17,24,Quebec,Québec,2325260,2295027,30233,27.02,26.67,0.35,,,,,,,,,,
2021-04-17,35,Ontario,Ontario,3493866,3148080,345786,23.57,21.23,2.33,,,,,,,,,,
2021-04-17,46,Manitoba,Manitoba,267700,197933,69767,19.35,14.30,5.04,,,,,,,,,,
2021-04-17,47,Saskatchewan,Saskatchewan,309369,266491,42878,26.22,22.59,3.63,,,,,,,,,,
2021-04-17,48,Alberta,Alberta,932879,700554,232325,21.00,15.77,5.23,,,,,,,,,,
2021-04-17,59,British Columbia,Colombie-Britannique,1289370,1201132,88238,24.73,23.03,1.69,,,,,,,,,,
2021-04-17,60,Yukon,Yukon,24317,4218,20099,56.57,9.81,46.76,,,,,,,,,,
2021-04-17,61,Northwest Territories,Territoires du Nord-Ouest,25369,6100,19269,55.75,13.41,42.35,,,,,,,,,,
2021-04-17,62,Nunavut,Nunavut,14252,3320,10932,36.17,8.43,27.74,,,,,,,,,,
2021-04-24,1,Canada,Canada,11132592,10112143,1020449,29.11,26.44,2.67,,,,,,,,,,
2021-04-24,10,Newfoundland and Labrador,Terre-Neuve-et-Labrador,147423,137727,9696,28.32,26.46,1.86,,,,,,,,,,
2021-04-24,11,Prince Edward Island,Île-du-Prince-Édouard,39530,29251,10279,24.06,17.80,6.26,,,,,,,,,,
2021-04-24,12,Nova Scotia,Nouvelle-Écosse,238566,203751,34815,24.05,20.54,3.51,,,,,,,,,,
2021-04-24,13,New Brunswick,Nouveau-Brunswick,219257,195088,24169,27.78,24.72,3.06,,,,,,,,,,
2021-04-24,24,Quebec,Québec,2773207,2721477,51730,32.23,31.63,0.60,,,,,,,,,,
2021-04-24,35,Ontario,Ontario,4268812,3908475,360337,28.79,26.36,2.43,,,,,,,,,,
2021-04-24,46,Manitoba,Manitoba,349534,278119,71415,25.26,20.10,5.16,,,,,,,,,,
2021-04-24,47,Saskatchewan,Saskatchewan,360002,316451,43551,30.51,26.82,3.69,,,,,,,,,,
2021-04-24,48,Alberta,Alberta,1127370,856730,270640,25.37,19.28,6.09,,,,,,,,,,
2021-04-24,59,British Columbia,Colombie-Britannique,1543065,1453896,89169,29.59,27.88,1.71,,,,,,,,,,
2021-04-24,60,Yukon,Yukon,24817,3290,21527,57.73,7.65,50.08,,,,,,,,,,
2021-04-24,61,Northwest Territories,Territoires du Nord-Ouest,25851,4910,20941,56.81,10.79,46.02,,,,,,,,,,
2021-04-24,62,Nunavut,Nunavut,15158,2978,12180,38.47,7.56,30.91,,,,,,,,,,
2021-05-01,1,Canada,Canada,12779536,11655857,1123679,33.41,30.48,2.94,,,,,,,,,,
2021-05-01,10,Newfoundland and Labrador,Terre-Neuve-et-Labrador,171285,161620,9665,32.90,31.05,1.86,,,,,,,,,,
2021-05-01,11,Prince Edward Island,Île-du-Prince-Édouard,45383,34745,10638,27.62,21.14,6.47,,,,,,,,,,
2021-05-01,12,Nova Scotia,Nouvelle-Écosse,283812,247213,36599,28.61,24.92,3.69,,,,,,,,,,
2021-05-01,13,New Brunswick,Nouveau-Brunswick,243986,216762,27224,30.91,27.47,3.45,,,,,,,,,,
2021-05-01,24,Quebec,Québec,3109455,3005084,104371,36.14,34.92,1.21,,,,,,,,,,
2021-05-01,35,Ontario,Ontario,4951946,4576638,375308,33.40,30.87,2.53,,,,,,,,,,
2021-05-01,46,Manitoba,Manitoba,412267,339058,73209,29.79,24.50,5.29,,,,,,,,,,
2021-05-01,47,Saskatchewan,Saskatchewan,406783,362269,44514,34.48,30.70,3.77,,,,,,,,,,
2021-05-01,48,Alberta,Alberta,1305432,1011710,293722,29.38,22.77,6.61,,,,,,,,,,
2021-05-01,59,British Columbia,Colombie-Britannique,1781618,1689723,91895,34.16,32.40,1.76,,,,,,,,,,
2021-05-01,60,Yukon,Yukon,25192,2858,22334,58.61,6.65,51.96,,,,,,,,,,
2021-05-01,61,Northwest Territories,Territoires du Nord-Ouest,26327,4655,21672,57.86,10.23,47.63,,,,,,,,,,
2021-05-01,62,Nunavut,Nunavut,16050,3522,12528,40.73,8.94,31.79,,,,,,,,,,
2021-05-08,1,Canada,Canada,14772158,13519160,1252998,38.62,35.35,3.28,,,,,,,,,,
2021-05-08,10,Newfoundland and Labrador,Terre-Neuve-et-Labrador,193584,183911,9673,37.19,35.33,1.86,,,,,,,,,,
2021-05-08,11,Prince Edward Island,Île-du-Prince-Édouard,52598,41662,10936,32.01,25.35,6.66,,,,,,,,,,
2021-05-08,12,Nova Scotia,Nouvelle-Écosse,326139,288440,37699,32.88,29.08,3.80,,,,,,,,,,
2021-05-08,13,New Brunswick,Nouveau-Brunswick,277729,247489,30240,35.19,31.36,3.83,,,,,,,,,,
2021-05-08,24,Quebec,Québec,3538616,3363699,174917,41.13,39.09,2.03,,,,,,,,,,
2021-05-08,35,Ontario,Ontario,5754150,5361156,392994,38.81,36.16,2.65,,,,,,,,,,
2021-05-08,46,Manitoba,Manitoba,473652,397891,75761,34.23,28.75,5.47,,,,,,,,,,
2021-05-08,47,Saskatchewan,Saskatchewan,481722,435342,46380,40.83,36.90,3.93,,,,,,,,,,
2021-05-08,48,Alberta,Alberta,1556400,1246471,309929,35.03,28.06,6.98,,,,,,,,,,
2021-05-08,59,British Columbia,Colombie-Britannique,2048120,1941844,106276,39.28,37.24,2.04,,,,,,,,,,
2021-05-08,60,Yukon,Yukon,25731,2914,22817,59.86,6.78,53.08,,,,,,,,,,
2021-05-08,61,Northwest Territories,Territoires du Nord-Ouest,27303,4804,22499,60.00,10.56,49.44,,,,,,,,,,
2021-05-08,62,Nunavut,Nunavut,16414,3537,12877,41.66,8.98,32.68,,,,,,,,,,
2021-05-15,1,Canada,Canada,17140068,15621663,1518405,44.82,40.85,3.97,,,,,,,,,,
2021-05-15,10,Newfoundland and Labrador,Terre-Neuve-et-Labrador,225770,215889,9881,43.37,41.47,1.90,,,,,,,,,,
2021-05-15,11,Prince Edward Island,Île-du-Prince-Édouard,62125,50371,11754,37.81,30.65,7.15,,,,,,,,,,
2021-05-15,12,Nova Scotia,Nouvelle-Écosse,388511,349306,39205,39.16,35.21,3.95,,,,,,,,,,
2021-05-15,13,New Brunswick,Nouveau-Brunswick,323355,289961,33394,40.97,36.74,4.23,,,,,,,,,,
2021-05-15,24,Quebec,Québec,4073238,3718773,354465,47.34,43.22,4.12,,,,,,,,,,
2021-05-15,35,Ontario,Ontario,6638361,6208493,429868,44.77,41.87,2.90,,,,,,,,,,
2021-05-15,46,Manitoba,Manitoba,560533,479650,80883,40.51,34.66,5.85,,,,,,,,,,
2021-05-15,47,Saskatchewan,Saskatchewan,554200,505443,48757,46.97,42.84,4.13,,,,,,,,,,
2021-05-15,48,Alberta,Alberta,1850072,1529798,320274,41.64,34.43,7.21,,,,,,,,,,
2021-05-15,59,British Columbia,Colombie-Britannique,2392600,2262170,130430,45.88,43.38,2.50,,,,,,,,,,
2021-05-15,60,Yukon,Yukon,26242,3006,23236,61.05,6.99,54.05,,,,,,,,,,
2021-05-15,61,Northwest Territories,Territoires du Nord-Ouest,28353,5397,22956,62.31,11.86,50.45,,,,,,,,,,
2021-05-15,62,Nunavut,Nunavut,16708,3406,13302,42.40,8.64,33.76,,,,,,,,,,
2021-05-22,1,Canada,Canada,19232248,17477501,1754747,50.29,45.70,4.59,,,,,,,,,,
2021-05-22,10,Newfoundland and Labrador,Terre-Neuve-et-Labrador,260190,249731,10459,49.98,47.97,2.01,,,,,,,,,,
2021-05-22,11,Prince Edward Island,Île-du-Prince-Édouard,71327,59028,12299,43.41,35.92,7.48,,,,,,,,,,
2021-05-22,12,Nova Scotia,Nouvelle-Écosse,460948,419495,41453,46.46,42.29,4.18,,,,,,,,,,
2021-05-22,13,New Brunswick,Nouveau-Brunswick,386865,350003,36862,49.02,44.35,4.67,,,,,,,,,,
2021-05-22,24,Quebec,Québec,4602185,4155234,446951,53.49,48.29,5.19,,,,,,,,,,
2021-05-22,35,Ontario,Ontario,7537294,7005191,532103,50.84,47.25,3.59,,,,,,,,,,
2021-05-22,46,Manitoba,Manitoba,643349,556554,86795,46.49,40.22,6.27,,,,,,,,,,
2021-05-22,47,Saskatchewan,Saskatchewan,604637,546507,58130,51.25,46.32,4.93,,,,,,,,,,
2021-05-22,48,Alberta,Alberta,1854382,1533466,320916,41.74,34.52,7.22,,,,,,,,,,
2021-05-22,59,British Columbia,Colombie-Britannique,2738510,2590890,147620,52.51,49.68,2.83,,,,,,,,,,
2021-05-22,60,Yukon,Yukon,26648,2934,23714,61.99,6.83,55.17,,,,,,,,,,
2021-05-22,61,Northwest Territories,Territoires du Nord-Ouest,28883,5547,23336,63.47,12.19,51.28,,,,,,,,,,
2021-05-22,62,Nunavut,Nunavut,17030,2921,14109,43.22,7.41,35.81,,,,,,,,,,
2021-05-29,1,Canada,Canada,21579682,19410408,2169274,56.42,50.75,5.67,,,,,,,,,,
2021-05-29,10,Newfoundland and Labrador,Terre-Neuve-et-Labrador,290038,278592,11446,55.72,53.52,2.20,,,,,,,,,,
2021-05-29,11,Prince Edward Island,Île-du-Prince-Édouard,79800,66370,13430,48.56,40.39,8.17,,,,,,,,,,
2021-05-29,12,Nova Scotia,Nouvelle-Écosse,537868,494407,43461,54.22,49.84,4.38,,,,,,,,,,
2021-05-29,13,New Brunswick,Nouveau-Brunswick,432047,391203,40844,54.74,49.57,5.18,,,,,,,,,,
2021-05-29,24,Quebec,Québec,5077136,4518964,558172,59.01,52.52,6.49,,,,,,,,,,
2021-05-29,35,Ontario,Ontario,8298869,7609233,689636,55.97,51.32,4.65,,,,,,,,,,
2021-05-29,46,Manitoba,Manitoba,728662,623026,105636,52.66,45.02,7.63,,,,,,,,,,
2021-05-29,47,Saskatchewan,Saskatchewan,642300,559140,83160,54.44,47.39,7.05,,,,,,,,,,
2021-05-29,48,Alberta,Alberta,2357833,1977913,379920,53.07,44.52,8.55,,,,,,,,,,
2021-05-29,59,British Columbia,Colombie-Britannique,3061385,2880801,180584,58.71,55.24,3.46,,,,,,,,,,
2021-05-29,60,Yukon,Yukon,26952,2815,24137,62.70,6.55,56.15,,,,,,,,,,
2021-05-29,61,Northwest Territories,Territoires du Nord-Ouest,29562,5657,23905,64.97,12.43,52.53,,,,,,,,,,
2021-05-29,62,Nunavut,Nunavut,17230,2287,14943,43.73,5.80,37.92,,,,,,,,,,
2021-06-05,1,Canada,Canada,23312035,19960756,3050396,60.95,52.19,7.98,23283645,19936653,3045236,69.54,59.54,9.09,,,,
2021-06-05,10,Newfoundland and Labrador,Terre-Neuve-et-Labrador,318238,,17355,61.13,,3.33,316188,,14432,67.6,,3.09,,,,
2021-06-05,11,Prince Edward Island,Île-du-Prince-Édouard,89719,75322,14397,54.60,45.84,8.76,89719,75322,14397,61.69,51.79,9.9,,,,
2021-06-05,12,Nova Scotia,Nouvelle-Écosse,590905,546361,44544,59.56,55.07,4.49,590905,546361,44544,66.82,61.78,5.04,,,,
2021-06-05,13,New Brunswick,Nouveau-Brunswick,484382,437314,47068,61.37,55.41,5.96,484382,437314,47068,69.01,62.31,6.71,,,,
2021-06-05,24,Quebec,Québec,5529406,4815864,713542,64.26,55.97,8.29,5529406,4815864,713542,73.41,63.93,9.47,,,,
2021-06-05,35,Ontario,Ontario,8963082,7929387,1033695,60.45,53.48,6.97,8955089,7923581,1031508,68.68,60.77,7.91,,,,
2021-06-05,46,Manitoba,Manitoba,786098,639752,146346,56.81,46.23,10.58,786020,639680,146340,66.84,54.39,12.44,,,,
2021-06-05,47,Saskatchewan,Saskatchewan,660919,523902,137017,56.02,44.40,11.61,660885,523868,137017,66.29,52.55,13.74,,,,
2021-06-05,48,Alberta,Alberta,2511236,1991366,519870,56.52,44.82,11.70,2499604,1979778,519826,65.92,52.21,13.71,,,,
2021-06-05,59,British Columbia,Colombie-Britannique,3307406,2991745,315661,63.42,57.37,6.05,3300803,2985142,315661,71.07,64.27,6.8,,,,
2021-06-05,60,Yukon,Yukon,27199,2695,24504,63.27,6.27,57.00,27199,2695,24504,73.11,7.24,65.87,,,,
2021-06-05,61,Northwest Territories,Territoires du Nord-Ouest,25647,4295,21352,56.36,9.44,46.92,25647,4295,21352,66.85,11.2,55.66,,,,
2021-06-05,62,Nunavut,Nunavut,17798,2753,15045,45.17,6.99,38.18,17798,2753,15045,60.48,9.35,51.12,,,,
2021-06-12,1,Canada,Canada,24407212,19218608,4871184,63.82,50.25,12.74,24376880,19191825,4868333,72.8,57.32,14.54,,,,
2021-06-12,10,Newfoundland and Labrador,Terre-Neuve-et-Labrador,343290,,25870,65.95,,4.97,342386,,25664,73.2,,5.49,,,,
2021-06-12,11,Prince Edward Island,Île-du-Prince-Édouard,99243,81960,17283,60.40,49.88,10.52,99243,81960,17283,68.24,56.36,11.88,,,,
2021-06-12,12,Nova Scotia,Nouvelle-Écosse,644668,593805,50863,64.98,59.86,5.13,644668,593805,50863,72.9,67.15,5.75,,,,
2021-06-12,13,New Brunswick,Nouveau-Brunswick,510069,433699,76370,64.63,54.95,9.68,510064,433694,76370,72.67,61.79,10.88,,,,
2021-06-12,24,Quebec,Québec,5809723,4749659,1060064,67.52,55.20,12.32,5809723,4749659,1060064,77.13,63.06,14.07,,,,
2021-06-12,35,Ontario,Ontario,9413440,7613665,1799775,63.49,51.35,12.14,9405386,7608096,1797290,72.14,58.35,13.78,,,,
2021-06-12,46,Manitoba,Manitoba,825173,624304,200869,59.63,45.12,14.52,825099,624236,200863,70.16,53.08,17.08,,,,
2021-06-12,47,Saskatchewan,Saskatchewan,680744,470596,210148,57.70,39.89,17.81,680694,470546,210148,68.28,47.2,21.08,,,,
2021-06-12,48,Alberta,Alberta,2589472,1836304,753168,58.28,41.33,16.95,2576700,1823685,753015,67.95,48.1,19.86,,,,
2021-06-12,59,British Columbia,Colombie-Britannique,3419622,2805751,613871,65.58,53.80,11.77,3411149,2797279,613870,73.44,60.22,13.22,,,,
2021-06-12,60,Yukon,Yukon,27470,2484,24986,63.90,5.78,58.13,27470,2484,24986,73.84,6.68,67.16,,,,
2021-06-12,61,Northwest Territories,Territoires du Nord-Ouest,26067,3530,22537,57.29,7.76,49.53,26067,3530,22537,67.95,9.2,58.75,,,,
2021-06-12,62,Nunavut,Nunavut,18231,2851,15380,46.27,7.24,39.03,18231,2851,15380,61.95,9.69,52.26,,,,
2021-06-19,1,Canada,Canada,25036849,17388796,7330950,65.46,45.47,19.17,25006189,17362126,7326207,74.68,51.85,21.88,,,,
2021-06-19,10,Newfoundland and Labrador,Terre-Neuve-et-Labrador,363831,,46728,69.89,,8.98,363115,,45259,77.63,,9.68,,,,
2021-06-19,11,Prince Edward Island,Île-du-Prince-Édouard,108886,88845,20041,66.27,54.07,12.20,108886,88845,20041,74.87,61.09,13.78,,,,
2021-06-19,12,Nova Scotia,Nouvelle-Écosse,687356,604630,82726,69.29,60.95,8.34,687355,604630,82725,77.72,68.37,9.35,,,,
2021-06-19,13,New Brunswick,Nouveau-Brunswick,521157,391439,129718,66.03,49.60,16.44,521152,391434,129718,74.25,55.77,18.48,,,,
2021-06-19,24,Quebec,Québec,5941900,4378224,1563676,69.06,50.88,18.17,5941900,4378224,1563676,78.88,58.12,20.76,,,,
2021-06-19,35,Ontario,Ontario,9677721,6800058,2877663,65.27,45.86,19.41,9670643,6795738,2874905,74.17,52.12,22.05,,,,
2021-06-19,46,Manitoba,Manitoba,849464,564359,285105,61.39,40.78,20.60,849371,564273,285098,72.22,47.98,24.24,,,,
2021-06-19,47,Saskatchewan,Saskatchewan,697898,410866,287032,59.15,34.82,24.33,697835,410803,287032,70,41.21,28.79,,,,
2021-06-19,48,Alberta,Alberta,2638391,1563338,1075053,59.38,35.19,24.20,2624944,1550393,1074551,69.23,40.89,28.34,,,,
2021-06-19,59,British Columbia,Colombie-Britannique,3475832,2577295,898537,66.65,49.42,17.23,3466600,2568069,898531,74.63,55.29,19.35,,,,
2021-06-19,60,Yukon,Yukon,28065,2419,25646,65.29,5.63,59.66,28065,2419,25646,75.44,6.5,68.94,,,,
2021-06-19,61,Northwest Territories,Territoires du Nord-Ouest,26530,3251,23279,58.30,7.14,51.16,26505,3226,23279,69.09,8.41,60.68,,,,
2021-06-19,62,Nunavut,Nunavut,19818,4072,15746,50.30,10.33,39.96,19818,4072,15746,67.34,13.84,53.51,,,,
2021-06-26,1,Canada,Canada,25454649,14833867,10321349,66.55,38.79,26.99,25421091,14807146,10313628,75.92,44.22,30.8,,,,
2021-06-26,10,Newfoundland and Labrador,Terre-Neuve-et-Labrador,378807,,79374,72.77,,15.25,376337,,76020,80.46,,16.25,,,,
2021-06-26,11,Prince Edward Island,Île-du-Prince-Édouard,114323,85997,28326,69.57,52.34,17.24,114323,85997,28326,78.61,59.13,19.48,,,,
2021-06-26,12,Nova Scotia,Nouvelle-Écosse,698309,530068,168241,70.39,53.43,16.96,698307,530067,168240,78.96,59.94,19.02,,,,
2021-06-26,13,New Brunswick,Nouveau-Brunswick,531086,331314,199772,67.29,41.98,25.31,531081,331309,199772,75.67,47.2,28.46,,,,
2021-06-26,24,Quebec,Québec,5996061,3835569,2160492,69.69,44.58,25.11,5996061,3835569,2160492,79.6,50.92,28.68,,,,
2021-06-26,35,Ontario,Ontario,9864684,5695604,4169080,66.54,38.42,28.12,9857535,5691815,4165720,75.61,43.66,31.95,,,,
2021-06-26,46,Manitoba,Manitoba,870030,434761,435269,62.87,31.42,31.46,869931,434675,435256,73.97,36.96,37.01,,,,
2021-06-26,47,Saskatchewan,Saskatchewan,709804,307170,402634,60.16,26.03,34.13,709737,307103,402634,71.19,30.81,40.39,,,,
2021-06-26,48,Alberta,Alberta,2663494,1371422,1292072,59.95,30.87,29.08,2649806,1358711,1291095,69.88,35.83,34.05,,,,
2021-06-26,59,British Columbia,Colombie-Britannique,3549916,2230265,1319651,68.07,42.77,25.31,3539902,2220267,1319635,76.21,47.8,28.41,,,,
2021-06-26,60,Yukon,Yukon,30298,3719,26579,70.48,8.65,61.83,30298,3719,26579,81.44,10,71.44,,,,
2021-06-26,61,Northwest Territories,Territoires du Nord-Ouest,26879,3122,23757,59.07,6.86,52.21,26815,3058,23757,69.9,7.97,61.93,,,,
2021-06-26,62,Nunavut,Nunavut,20958,4856,16102,53.19,12.32,40.86,20958,4856,16102,71.22,16.5,54.71,,,,
2021-07-03,1,Canada,Canada,25810999,11888385,13646757,67.49,31.08,35.68,25776672,11864513,13637272,76.98,35.43,40.73,,,,
2021-07-03,10,Newfoundland and Labrador,Terre-Neuve-et-Labrador,384504,,108647,73.86,,20.87,381941,,107054,81.65,,22.89,,,,
2021-07-03,11,Prince Edward Island,Île-du-Prince-Édouard,117146,80140,37006,71.29,48.77,22.52,117146,80140,37006,80.55,55.11,25.45,,,,
2021-07-03,12,Nova Scotia,Nouvelle-Écosse,703055,426125,276930,70.87,42.95,27.91,703053,426124,276929,79.5,48.18,31.31,,,,
2021-07-03,13,New Brunswick,Nouveau-Brunswick,537738,263386,274352,68.13,33.37,34.76,537733,263381,274352,76.61,37.53,39.09,,,,
2021-07-03,24,Quebec,Québec,6047440,3244562,2802878,70.28,37.71,32.57,6047440,3244562,2802878,80.28,43.07,37.21,,,,
2021-07-03,35,Ontario,Ontario,10006851,4450276,5556575,67.49,30.02,37.48,9999807,4447079,5552728,76.7,34.11,42.59,,,,
2021-07-03,46,Manitoba,Manitoba,894428,310956,583472,64.64,22.47,42.17,894328,310874,583454,76.05,26.43,49.61,,,,
2021-07-03,47,Saskatchewan,Saskatchewan,719088,229308,489780,60.95,19.44,41.51,719017,229237,489780,72.13,23,49.13,,,,
2021-07-03,48,Alberta,Alberta,2717857,941532,1776325,61.17,21.19,39.98,2703612,931277,1772335,71.3,24.56,46.74,,,,
2021-07-03,59,British Columbia,Colombie-Britannique,3603679,1930844,1672835,69.10,37.03,32.08,3593458,1920659,1672799,77.37,41.35,36.01,,,,
2021-07-03,60,Yukon,Yukon,30670,3370,27300,71.35,7.84,63.51,30670,3370,27300,82.44,9.06,73.38,,,,
2021-07-03,61,Northwest Territories,Territoires du Nord-Ouest,27138,2948,24190,59.64,6.48,53.16,27062,2872,24190,70.54,7.49,63.05,,,,
2021-07-03,62,Nunavut,Nunavut,21405,4938,16467,54.32,12.53,41.79,21405,4938,16467,72.73,16.78,55.96,,,,
2021-07-10,1,Canada,Canada,26129651,9268606,16622716,68.32,24.23,43.46,26088319,9246186,16610457,77.91,27.61,49.61,,,,
2021-07-10,10,Newfoundland and Labrador,Terre-Neuve-et-Labrador,392429,,154100,75.39,,29.60,385499,,153823,82.41,,32.89,,,,
2021-07-10,11,Prince Edward Island,Île-du-Prince-Édouard,119619,71364,48255,72.80,43.43,29.37,119619,71364,48255,82.25,49.07,33.18,,,,
2021-07-10,12,Nova Scotia,Nouvelle-Écosse,711307,317857,393450,71.70,32.04,39.66,711306,317856,393450,80.43,35.94,44.49,,,,
2021-07-10,13,New Brunswick,Nouveau-Brunswick,545759,198756,347003,69.15,25.18,43.97,545759,198756,347003,77.76,28.32,49.44,,,,
2021-07-10,24,Quebec,Québec,6095711,2634767,3460944,70.84,30.62,40.22,6095711,2634767,3460944,80.93,34.98,45.95,,,,
2021-07-10,35,Ontario,Ontario,10142704,3283639,6859065,68.41,22.15,46.26,10133601,3280800,6852801,77.72,25.16,52.56,,,,
2021-07-10,46,Manitoba,Manitoba,914318,237861,676457,66.07,17.19,48.89,914212,237775,676437,77.74,20.22,57.52,,,,
2021-07-10,47,Saskatchewan,Saskatchewan,728808,170974,557834,61.77,14.49,47.28,728731,170897,557834,73.1,17.14,55.96,,,,
2021-07-10,48,Alberta,Alberta,2748058,763338,1984720,61.85,17.18,44.67,2733546,754381,1979165,72.09,19.89,52.2,,,,
2021-07-10,59,British Columbia,Colombie-Britannique,3650613,1579638,2070975,70.00,30.29,39.71,3640088,1569249,2070839,78.37,33.79,44.58,,,,
2021-07-10,60,Yukon,Yukon,31062,2952,28110,72.26,6.87,65.39,31062,2952,28110,83.49,7.93,75.56,,,,
2021-07-10,61,Northwest Territories,Territoires du Nord-Ouest,27364,2761,24603,60.14,6.07,54.07,27286,2690,24596,71.12,7.01,64.11,,,,
2021-07-10,62,Nunavut,Nunavut,21899,4699,17200,55.58,11.93,43.65,21899,4699,17200,74.41,15.97,58.45,,,,
2021-07-17,1,Canada,Canada,26461253,7148828,19109222,69.19,18.69,49.96,26375578,7097131,19082521,78.77,21.2,56.99,,,,
2021-07-17,10,Newfoundland and Labrador,Terre-Neuve-et-Labrador,397427,,194224,76.35,,37.31,388439,,192513,83.04,,41.16,,,,
2021-07-17,11,Prince Edward Island,Île-du-Prince-Édouard,121760,63125,58635,74.10,38.42,35.68,121760,63125,58635,83.72,43.41,40.32,,,,
2021-07-17,12,Nova Scotia,Nouvelle-Écosse,724947,239735,485212,73.08,24.17,48.91,724945,239733,485212,81.97,27.11,54.87,,,,
2021-07-17,13,New Brunswick,Nouveau-Brunswick,552390,151210,401180,69.99,19.16,50.83,552390,151210,401180,78.7,21.54,57.16,,,,
2021-07-17,24,Quebec,Québec,6147597,2114204,4033393,71.45,24.57,46.88,6147292,2113899,4033393,81.61,28.06,53.55,,,,
2021-07-17,35,Ontario,Ontario,10269103,2421176,7847927,69.26,16.33,52.93,10263784,2419291,7844493,78.72,18.56,60.17,,,,
2021-07-17,46,Manitoba,Manitoba,929567,195231,734336,67.18,14.11,53.07,929458,195144,734314,79.03,16.59,62.44,,,,
2021-07-17,47,Saskatchewan,Saskatchewan,736199,140434,595765,62.40,11.90,50.50,736119,140359,595760,73.84,14.08,59.76,,,,
2021-07-17,48,Alberta,Alberta,2811893,567724,2244169,63.29,12.78,50.51,2751628,528344,2223284,72.57,13.93,58.63,,,,
2021-07-17,59,British Columbia,Colombie-Britannique,3689083,1247164,2441919,70.74,23.92,46.83,3678571,1237267,2441304,79.2,26.64,52.56,,,,
2021-07-17,60,Yukon,Yukon,31306,2622,28684,72.83,6.10,66.73,31306,2622,28684,84.15,7.05,77.1,,,,
2021-07-17,61,Northwest Territories,Territoires du Nord-Ouest,27609,2536,25073,60.67,5.57,55.10,27514,2470,25044,71.72,6.44,65.28,,,,
2021-07-17,62,Nunavut,Nunavut,22372,3667,18705,56.78,9.31,47.47,22372,3667,18705,76.02,12.46,63.56,,,,
2021-07-24,1,Canada,Canada,26721595,5377098,21179151,69.87,14.06,55.38,26634957,5328552,21148091,79.54,15.91,63.16,,,,
2021-07-24,10,Newfoundland and Labrador,Terre-Neuve-et-Labrador,399946,,234600,76.83,,45.07,391102,,232788,83.61,,49.77,,,,
2021-07-24,11,Prince Edward Island,Île-du-Prince-Édouard,123074,53500,69574,74.90,32.56,42.34,123074,53500,69574,84.63,36.79,47.84,,,,
2021-07-24,12,Nova Scotia,Nouvelle-Écosse,728671,172169,556502,73.45,17.35,56.10,728664,172166,556498,82.4,19.47,62.93,,,,
2021-07-24,13,New Brunswick,Nouveau-Brunswick,559511,114947,444564,70.89,14.56,56.33,559511,114947,444564,79.72,16.38,63.34,,,,
2021-07-24,24,Quebec,Québec,6199110,1603526,4595584,72.05,18.64,53.41,6198844,1603260,4595584,82.29,21.28,61.01,,,,
2021-07-24,35,Ontario,Ontario,10383281,1811180,8572101,70.03,12.22,57.82,10377964,1809485,8568479,79.6,13.88,65.72,,,,
2021-07-24,46,Manitoba,Manitoba,943121,157256,785865,68.16,11.36,56.79,943014,157172,785842,80.19,13.36,66.82,,,,
2021-07-24,47,Saskatchewan,Saskatchewan,743305,117710,625595,63.00,9.98,53.02,743237,117642,625595,74.56,11.8,62.75,,,,
2021-07-24,48,Alberta,Alberta,2835849,450323,2385526,63.83,10.14,53.69,2774343,412091,2362252,73.17,10.87,62.3,,,,
2021-07-24,59,British Columbia,Colombie-Britannique,3723811,888507,2835304,71.41,17.04,54.37,3713389,880357,2833032,79.95,18.95,60.99,,,,
2021-07-24,60,Yukon,Yukon,31502,2333,29169,73.28,5.43,67.86,31502,2333,29169,84.68,6.27,78.4,,,,
2021-07-24,61,Northwest Territories,Territoires du Nord-Ouest,27803,2288,25515,61.10,5.03,56.07,27702,2240,25462,72.21,5.84,66.37,,,,
2021-07-24,62,Nunavut,Nunavut,22611,3359,19252,57.38,8.52,48.86,22611,3359,19252,76.83,11.41,65.42,,,,
2021-07-31,1,Canada,Canada,26959737,4196923,22627721,70.49,10.97,59.16,26873438,4151227,22593176,80.26,12.4,67.47,,,,
2021-07-31,10,Newfoundland and Labrador,Terre-Neuve-et-Labrador,403456,,268363,77.51,,51.55,395635,,266600,84.58,,57,,,,
2021-07-31,11,Prince Edward Island,Île-du-Prince-Édouard,124374,44208,80166,75.69,26.90,48.79,124374,44208,80166,85.52,30.4,55.12,,,,
2021-07-31,12,Nova Scotia,Nouvelle-Écosse,736474,119095,617379,74.24,12.00,62.23,736471,119093,617378,83.28,13.47,69.81,,,,
2021-07-31,13,New Brunswick,Nouveau-Brunswick,564995,95505,469490,71.59,12.10,59.49,564995,95505,469490,80.5,13.61,66.89,,,,
2021-07-31,24,Quebec,Québec,6239807,1223575,5016232,72.52,14.22,58.30,6239527,1223295,5016232,82.84,16.24,66.59,,,,
2021-07-31,35,Ontario,Ontario,10485065,1447489,9037576,70.72,9.76,60.96,10479733,1445953,9033780,80.38,11.09,69.29,,,,
2021-07-31,46,Manitoba,Manitoba,958899,109205,849694,69.30,7.89,61.40,958798,109138,849660,81.53,9.28,72.25,,,,
2021-07-31,47,Saskatchewan,Saskatchewan,749213,101278,647935,63.50,8.58,54.92,749136,101207,647929,75.15,10.15,64.99,,,,
2021-07-31,48,Alberta,Alberta,2857468,387596,2469872,64.32,8.72,55.59,2795134,349951,2445183,73.71,9.23,64.49,,,,
2021-07-31,59,British Columbia,Colombie-Britannique,3757483,661552,3095931,72.05,12.69,59.37,3747258,655519,3091739,80.68,14.11,66.56,,,,
2021-07-31,60,Yukon,Yukon,31730,2257,29473,73.81,5.25,68.56,31716,2243,29473,85.25,6.03,79.22,,,,
2021-07-31,61,Northwest Territories,Territoires du Nord-Ouest,27973,2087,25886,61.47,4.59,56.89,27861,2039,25822,72.62,5.31,67.31,,,,
2021-07-31,62,Nunavut,Nunavut,22800,3076,19724,57.86,7.81,50.06,22800,3076,19724,77.47,10.45,67.02,,,,
2021-08-07,1,Canada,Canada,27148572,3631701,23516871,70.98,9.50,61.49,27067632,3587915,23479717,80.84,10.72,70.12,,,,
2021-08-07,10,Newfoundland and Labrador,Terre-Neuve-et-Labrador,407370,108925,298445,78.26,20.92,57.33,405477,108770,296707,86.68,23.25,63.43,,,,
2021-08-07,11,Prince Edward Island,Île-du-Prince-Édouard,125502,34786,90716,76.38,21.17,55.21,125502,34786,90716,86.3,23.92,62.38,,,,
2021-08-07,12,Nova Scotia,Nouvelle-Écosse,744097,94606,649491,75.01,9.54,65.47,744094,94604,649490,84.14,10.7,73.44,,,,
2021-08-07,13,New Brunswick,Nouveau-Brunswick,569147,86334,482813,72.11,10.94,61.18,569142,86329,482813,81.09,12.3,68.79,,,,
2021-08-07,24,Quebec,Québec,6284820,980304,5304516,73.04,11.39,61.65,6284534,980018,5304516,83.43,13.01,70.42,,,,
2021-08-07,35,Ontario,Ontario,10553582,1232979,9320603,71.18,8.32,62.87,10548305,1231558,9316747,80.9,9.45,71.46,,,,
2021-08-07,46,Manitoba,Manitoba,965803,97210,868593,69.80,7.03,62.77,965704,97144,868560,82.12,8.26,73.86,,,,
2021-08-07,47,Saskatchewan,Saskatchewan,753286,93096,660190,63.85,7.89,55.96,753210,93027,660183,75.56,9.33,66.22,,,,
2021-08-07,48,Alberta,Alberta,2874086,357953,2516133,64.69,8.06,56.63,2811086,320872,2490214,74.14,8.46,65.67,,,,
2021-08-07,59,British Columbia,Colombie-Britannique,3787832,538479,3249353,72.64,10.33,62.31,3777683,533856,3243827,81.33,11.49,69.84,,,,
2021-08-07,60,Yukon,Yukon,31939,2096,29843,74.30,4.88,69.42,31903,2060,29843,85.75,5.54,80.22,,,,
2021-08-07,61,Northwest Territories,Territoires du Nord-Ouest,28146,1979,26167,61.85,4.35,57.50,28030,1937,26093,73.06,5.05,68.01,,,,
2021-08-07,62,Nunavut,Nunavut,22962,2954,20008,58.27,7.50,50.78,22962,2954,20008,78.03,10.04,67.99,,,,
2021-08-14,1,Canada,Canada,27345213,3076415,24268798,71.50,8.04,63.45,27264072,3034096,24229976,81.42,9.06,72.36,,,,
2021-08-14,10,Newfoundland and Labrador,Terre-Neuve-et-Labrador,411260,87230,324030,79.00,16.76,62.25,409853,87116,322737,87.62,18.62,69,,,,
2021-08-14,11,Prince Edward Island,Île-du-Prince-Édouard,126382,25794,100588,76.91,15.70,61.22,126382,25794,100588,86.9,17.74,69.17,,,,
2021-08-14,12,Nova Scotia,Nouvelle-Écosse,747651,85963,661688,75.36,8.67,66.70,747631,85956,661675,84.54,9.72,74.82,,,,
2021-08-14,13,New Brunswick,Nouveau-Brunswick,572840,78303,494537,72.58,9.92,62.66,572840,78303,494537,81.62,11.16,70.46,,,,
2021-08-14,24,Quebec,Québec,6343427,790256,5553171,73.72,9.18,64.54,6343148,789977,5553171,84.21,10.49,73.72,,,,
2021-08-14,35,Ontario,Ontario,10624677,1059550,9565127,71.66,7.15,64.51,10619084,1057899,9561185,81.45,8.11,73.33,,,,
2021-08-14,46,Manitoba,Manitoba,971605,85604,886001,70.21,6.19,64.03,971508,85541,885967,82.61,7.27,75.34,,,,
2021-08-14,47,Saskatchewan,Saskatchewan,757342,87379,669963,64.19,7.41,56.78,757256,87305,669951,75.96,8.76,67.2,,,,
2021-08-14,48,Alberta,Alberta,2890554,337345,2553209,65.06,7.59,57.47,2827004,300422,2526582,74.56,7.92,66.63,,,,
2021-08-14,59,British Columbia,Colombie-Britannique,3815915,432363,3383552,73.17,8.29,64.88,3805973,429238,3376735,81.94,9.24,72.7,,,,
2021-08-14,60,Yukon,Yukon,32051,1968,30083,74.56,4.58,69.98,32007,1924,30083,86.03,5.17,80.86,,,,
2021-08-14,61,Northwest Territories,Territoires du Nord-Ouest,28373,1801,26572,62.35,3.96,58.39,28250,1762,26488,73.64,4.59,69.04,,,,
2021-08-14,62,Nunavut,Nunavut,23136,2859,20277,58.72,7.26,51.46,23136,2859,20277,78.62,9.71,68.9,,,,
2021-08-21,1,Canada,Canada,27555473,2666476,24888997,72.05,6.97,65.08,27462852,2614160,24848692,82.02,7.81,74.21,,,,
2021-08-21,10,Newfoundland and Labrador,Terre-Neuve-et-Labrador,413918,64949,348969,79.52,12.48,67.04,412560,64865,347695,88.2,13.87,74.33,,,,
2021-08-21,11,Prince Edward Island,Île-du-Prince-Édouard,127251,18345,108906,77.44,11.16,66.28,127251,18345,108906,87.5,12.61,74.88,,,,
2021-08-21,12,Nova Scotia,Nouvelle-Écosse,750104,76149,673955,75.61,7.68,67.94,750073,76140,673933,84.82,8.61,76.21,,,,
2021-08-21,13,New Brunswick,Nouveau-Brunswick,576935,73123,503812,73.10,9.27,63.84,576935,73123,503812,82.2,10.42,71.78,,,,
2021-08-21,24,Quebec,Québec,6400901,610794,5790107,74.39,7.10,67.29,6400612,610505,5790107,84.97,8.1,76.87,,,,
2021-08-21,35,Ontario,Ontario,10712555,956187,9756368,72.25,6.45,65.80,10696399,943700,9752699,82.04,7.24,74.8,,,,
2021-08-21,46,Manitoba,Manitoba,976886,77028,899858,70.60,5.57,65.03,976786,76962,899824,83.06,6.54,76.51,,,,
2021-08-21,47,Saskatchewan,Saskatchewan,762442,83460,678982,64.62,7.07,57.55,762032,83063,678969,76.44,8.33,68.11,,,,
2021-08-21,48,Alberta,Alberta,2908552,321625,2586927,65.47,7.24,58.23,2844112,285142,2558970,75.01,7.52,67.49,,,,
2021-08-21,59,British Columbia,Colombie-Britannique,3841612,378245,3463367,73.67,7.25,66.41,3831960,375830,3456130,82.5,8.09,74.41,,,,
2021-08-21,60,Yukon,Yukon,32164,1851,30313,74.82,4.31,70.52,32114,1801,30313,86.32,4.84,81.48,,,,
2021-08-21,61,Northwest Territories,Territoires du Nord-Ouest,28788,1911,26877,63.26,4.20,59.07,28653,1875,26778,74.69,4.89,69.8,,,,
2021-08-21,62,Nunavut,Nunavut,23365,2809,20556,59.30,7.13,52.17,23365,2809,20556,79.39,9.55,69.85,,,,
2021-08-28,1,Canada,Canada,27795343,2404840,25390503,72.67,6.29,66.39,27692394,2344050,25348344,82.7,7,75.7,,,,
2021-08-28,10,Newfoundland and Labrador,Terre-Neuve-et-Labrador,416570,53711,362859,80.02,10.32,69.71,415239,53639,361600,88.77,11.47,77.3,,,,
2021-08-28,11,Prince Edward Island,Île-du-Prince-Édouard,128057,14894,113163,77.93,9.06,68.87,128057,14894,113163,88.05,10.24,77.81,,,,
2021-08-28,12,Nova Scotia,Nouvelle-Écosse,755395,67797,687598,76.14,6.83,69.31,755373,67791,687582,85.42,7.67,77.75,,,,
2021-08-28,13,New Brunswick,Nouveau-Brunswick,581666,61978,519688,73.70,7.85,65.85,581549,61861,519688,82.86,8.81,74.04,,,,
2021-08-28,24,Quebec,Québec,6459251,498104,5961147,75.07,5.79,69.28,6458961,497814,5961147,85.75,6.61,79.14,,,,
2021-08-28,35,Ontario,Ontario,10797333,883832,9913501,72.83,5.96,66.86,10773054,863366,9909688,82.63,6.62,76.01,,,,
2021-08-28,46,Manitoba,Manitoba,983935,69586,914349,71.11,5.03,66.08,983839,69523,914316,83.66,5.91,77.75,,,,
2021-08-28,47,Saskatchewan,Saskatchewan,768375,81161,687214,65.13,6.88,58.25,767157,79961,687196,76.95,8.02,68.93,,,,
2021-08-28,48,Alberta,Alberta,2930811,309690,2621121,65.97,6.97,59.00,2864947,273289,2591658,75.56,7.21,68.35,,,,
2021-08-28,59,British Columbia,Colombie-Britannique,3888929,357606,3531323,74.57,6.86,67.72,3879401,355518,3523883,83.52,7.65,75.87,,,,
2021-08-28,60,Yukon,Yukon,32311,1756,30555,75.17,4.09,71.08,32256,1714,30542,86.7,4.61,82.1,,,,
2021-08-28,61,Northwest Territories,Territoires du Nord-Ouest,29166,1980,27186,64.10,4.35,59.74,29017,1935,27082,75.64,5.04,70.59,,,,
2021-08-28,62,Nunavut,Nunavut,23544,2745,20799,59.75,6.97,52.79,23544,2745,20799,80,9.33,70.68,,,,
2021-09-04,1,Canada,Canada,28036964,2268406,25768558,73.31,5.93,67.38,27929955,2203744,25726211,83.41,6.58,76.83,,,,
2021-09-04,10,Newfoundland and Labrador,Terre-Neuve-et-Labrador,418923,47553,371370,80.48,9.14,71.34,417597,47495,370102,89.28,10.15,79.12,,,,
2021-09-04,11,Prince Edward Island,Île-du-Prince-Édouard,128803,13079,115724,78.39,7.96,70.43,128803,13079,115724,88.57,8.99,79.57,,,,
2021-09-04,12,Nova Scotia,Nouvelle-Écosse,758774,63603,695171,76.49,6.41,70.07,758773,63602,695171,85.8,7.19,78.61,,,,
2021-09-04,13,New Brunswick,Nouveau-Brunswick,582032,61357,520675,73.75,7.77,65.97,581907,61232,520675,82.91,8.72,74.18,,,,
2021-09-04,24,Quebec,Québec,6522870,429779,6093091,75.81,4.99,70.81,6522570,429479,6093091,86.59,5.7,80.89,,,,
2021-09-04,35,Ontario,Ontario,10886925,854139,10032786,73.43,5.76,67.67,10858699,829894,10028805,83.28,6.37,76.92,,,,
2021-09-04,46,Manitoba,Manitoba,995895,66072,929823,71.97,4.77,67.20,995795,66005,929790,84.67,5.61,79.06,,,,
2021-09-04,47,Saskatchewan,Saskatchewan,774821,79617,695204,65.67,6.75,58.92,773220,78042,695178,77.56,7.83,69.73,,,,
2021-09-04,48,Alberta,Alberta,2957047,302926,2654121,66.56,6.82,59.74,2891113,266577,2624536,76.25,7.03,69.22,,,,
2021-09-04,59,British Columbia,Colombie-Britannique,3925357,343816,3581541,75.27,6.59,68.68,3916145,341933,3574212,84.31,7.36,76.95,,,,
2021-09-04,60,Yukon,Yukon,32418,1695,30723,75.42,3.94,71.47,32341,1660,30681,86.93,4.46,82.47,,,,
2021-09-04,61,Northwest Territories,Territoires du Nord-Ouest,29390,2025,27365,64.59,4.45,60.14,29283,2001,27282,76.33,5.22,71.11,,,,
2021-09-04,62,Nunavut,Nunavut,23709,2745,20964,60.17,6.97,53.20,23709,2745,20964,80.56,9.33,71.24,,,,
2021-09-11,1,Canada,Canada,28291776,2174252,26117524,73.97,5.68,68.29,28183007,2110304,26072703,84.17,6.3,77.87,,,,
2021-09-11,10,Newfoundland and Labrador,Terre-Neuve-et-Labrador,421222,45316,375906,80.92,8.71,72.21,419919,45270,374649,89.77,9.68,80.09,,,,
2021-09-11,11,Prince Edward Island,Île-du-Prince-Édouard,129455,11794,117661,78.78,7.18,71.61,129455,11794,117661,89.01,8.11,80.91,,,,
2021-09-11,12,Nova Scotia,Nouvelle-Écosse,764090,59646,704444,77.02,6.01,71.01,764089,59645,704444,86.4,6.74,79.66,,,,
2021-09-11,13,New Brunswick,Nouveau-Brunswick,590290,56291,533999,74.79,7.13,67.66,589886,55887,533999,84.04,7.96,76.08,,,,
2021-09-11,24,Quebec,Québec,6575570,381710,6193860,76.42,4.44,71.98,6575261,381401,6193860,87.29,5.06,82.23,,,,
2021-09-11,35,Ontario,Ontario,10997962,825753,10172209,74.18,5.57,68.61,10967306,801948,10165358,84.12,6.15,77.97,,,,
2021-09-11,46,Manitoba,Manitoba,1004844,64842,940002,72.62,4.69,67.93,1004746,64774,939972,85.44,5.51,79.93,,,,
2021-09-11,47,Saskatchewan,Saskatchewan,780472,78516,701956,66.15,6.65,59.50,778697,76793,701904,78.11,7.7,70.41,,,,
2021-09-11,48,Alberta,Alberta,2979886,303559,2676327,67.07,6.83,60.24,2914733,267698,2647035,76.87,7.06,69.81,,,,
2021-09-11,59,British Columbia,Colombie-Britannique,3961804,340260,3621544,75.97,6.52,69.45,3952911,338574,3614337,85.1,7.29,77.82,,,,
2021-09-11,60,Yukon,Yukon,32517,1637,30880,75.65,3.81,71.84,32446,1607,30839,87.21,4.32,82.89,,,,
2021-09-11,61,Northwest Territories,Territoires du Nord-Ouest,29665,2053,27612,65.19,4.51,60.68,29559,2038,27521,77.05,5.31,71.74,,,,
2021-09-11,62,Nunavut,Nunavut,23999,2875,21124,60.91,7.30,53.61,23999,2875,21124,81.55,9.77,71.78,,,,
2021-09-18,1,Canada,Canada,28598093,2105460,26492633,74.77,5.51,69.27,28490908,2056308,26434600,85.09,6.14,78.95,,,,
2021-09-18,10,Newfoundland and Labrador,Terre-Neuve-et-Labrador,423500,41162,382338,81.36,7.91,73.45,423455,41147,382308,90.53,8.8,81.73,,,,
2021-09-18,11,Prince Edward Island,Île-du-Prince-Édouard,130381,10868,119513,79.35,6.61,72.73,130381,10868,119513,89.65,7.47,82.18,,,,
2021-09-18,12,Nova Scotia,Nouvelle-Écosse,771532,57693,713839,77.77,5.82,71.96,771531,57692,713839,87.24,6.52,80.72,,,,
2021-09-18,13,New Brunswick,Nouveau-Brunswick,596028,55711,540317,75.52,7.06,68.46,595498,55181,540317,84.84,7.86,76.98,,,,
2021-09-18,24,Quebec,Québec,6627165,341126,6286039,77.02,3.96,73.06,6626865,340826,6286039,87.98,4.52,83.45,,,,
2021-09-18,35,Ontario,Ontario,11088718,787065,10301653,74.79,5.31,69.48,11056583,768192,10288391,84.8,5.89,78.91,,,,
2021-09-18,46,Manitoba,Manitoba,1013099,63066,950033,73.21,4.56,68.66,1013001,63004,949997,86.14,5.36,80.78,,,,
2021-09-18,47,Saskatchewan,Saskatchewan,790936,79580,711356,67.04,6.74,60.29,788888,77755,711133,79.13,7.8,71.33,,,,
2021-09-18,48,Alberta,Alberta,3062771,323925,2738846,68.94,7.29,61.65,2999263,297887,2701376,79.1,7.86,71.24,,,,
2021-09-18,59,British Columbia,Colombie-Britannique,4007201,338775,3668426,76.84,6.50,70.35,3998858,337311,3661547,86.09,7.26,78.83,,,,
2021-09-18,60,Yukon,Yukon,32606,1562,31044,75.85,3.63,72.22,32540,1537,31003,87.47,4.13,83.33,,,,
2021-09-18,61,Northwest Territories,Territoires du Nord-Ouest,29884,1953,27931,65.67,4.29,61.38,29778,1939,27839,77.62,5.05,72.57,,,,
2021-09-18,62,Nunavut,Nunavut,24272,2974,21298,61.60,7.55,54.05,24267,2969,21298,82.46,10.09,72.37,,,,
2021-09-25,1,Canada,Canada,28870183,2018503,26851680,75.49,5.28,70.21,28764078,1974458,26789620,85.9,5.9,80.01,,,,
2021-09-25,10,Newfoundland and Labrador,Terre-Neuve-et-Labrador,426570,39527,387043,81.95,7.59,74.35,426525,39512,387013,91.18,8.45,82.74,,,,
2021-09-25,11,Prince Edward Island,Île-du-Prince-Édouard,131372,10333,121039,79.95,6.29,73.66,131372,10333,121039,90.33,7.11,83.23,,,,
2021-09-25,12,Nova Scotia,Nouvelle-Écosse,778358,56569,721789,78.46,5.70,72.76,778357,56569,721788,88.01,6.4,81.62,,,,
2021-09-25,13,New Brunswick,Nouveau-Brunswick,607408,57769,549639,76.96,7.32,69.64,606073,56568,549505,86.35,8.06,78.29,,,,
2021-09-25,24,Quebec,Québec,6655854,307540,6348314,77.35,3.57,73.78,6655562,307248,6348314,88.36,4.08,84.28,,,,
2021-09-25,35,Ontario,Ontario,11191067,726981,10464086,75.48,4.90,70.58,11157769,713202,10444567,85.58,5.47,80.11,,,,
2021-09-25,46,Manitoba,Manitoba,1018930,59370,959560,73.63,4.29,69.34,1018833,59307,959526,86.63,5.04,81.59,,,,
2021-09-25,47,Saskatchewan,Saskatchewan,805425,82823,722602,68.27,7.02,61.25,803246,81287,721959,80.57,8.15,72.42,,,,
2021-09-25,48,Alberta,Alberta,3120898,343276,2777622,70.24,7.73,62.52,3060034,317439,2742595,80.7,8.37,72.33,,,,
2021-09-25,59,British Columbia,Colombie-Britannique,4047010,327879,3719131,77.61,6.29,71.32,4039194,326597,3712597,86.96,7.03,79.93,,,,
2021-09-25,60,Yukon,Yukon,32615,1509,31106,75.87,3.51,72.36,32550,1485,31065,87.49,3.99,83.5,,,,
2021-09-25,61,Northwest Territories,Territoires du Nord-Ouest,30082,1907,28175,66.11,4.19,61.92,29974,1896,28078,78.13,4.94,73.19,,,,
2021-09-25,62,Nunavut,Nunavut,24594,3020,21574,62.42,7.66,54.75,24589,3015,21574,83.55,10.24,73.31,,,,
2021-10-02,1,Canada,Canada,29091447,1904201,27187246,76.06,4.98,71.09,28985849,1864569,27121280,86.57,5.57,81,,,,
2021-10-02,10,Newfoundland and Labrador,Terre-Neuve-et-Labrador,430575,37114,393461,82.71,7.13,75.59,430528,37098,393430,92.04,7.93,84.11,,,,
2021-10-02,11,Prince Edward Island,Île-du-Prince-Édouard,132390,9800,122590,80.57,5.96,74.61,132379,9789,122590,91.03,6.73,84.29,,,,
2021-10-02,12,Nova Scotia,Nouvelle-Écosse,784933,55186,729747,79.12,5.56,73.56,784932,55186,729746,88.76,6.24,82.52,,,,
2021-10-02,13,New Brunswick,Nouveau-Brunswick,617829,58212,559617,78.28,7.38,70.91,616289,57205,559084,87.81,8.15,79.66,,,,
2021-10-02,24,Quebec,Québec,6681955,277524,6404431,77.66,3.23,74.43,6681680,277249,6404431,88.71,3.68,85.02,,,,
2021-10-02,35,Ontario,Ontario,11272941,669158,10603783,76.03,4.51,71.52,11238866,658707,10580159,86.2,5.05,81.15,,,,
2021-10-02,46,Manitoba,Manitoba,1024702,54233,970469,74.05,3.92,70.13,1024606,54170,970436,87.12,4.61,82.52,,,,
2021-10-02,47,Saskatchewan,Saskatchewan,819510,84560,734950,69.46,7.17,62.29,817259,83241,734018,81.98,8.35,73.63,,,,
2021-10-02,48,Alberta,Alberta,3167941,351687,2816254,71.30,7.92,63.39,3108067,326299,2781768,81.97,8.61,73.36,,,,
2021-10-02,59,British Columbia,Colombie-Britannique,4070961,300365,3770596,78.07,5.76,72.31,4063670,299278,3764392,87.49,6.44,81.05,,,,
2021-10-02,60,Yukon,Yukon,32551,1456,31095,75.72,3.39,72.34,32497,1446,31051,87.35,3.89,83.46,,,,
2021-10-02,61,Northwest Territories,Territoires du Nord-Ouest,30295,1910,28385,66.58,4.20,62.38,30212,1905,28307,78.75,4.97,73.79,,,,
2021-10-02,62,Nunavut,Nunavut,24864,2996,21868,63.10,7.60,55.50,24864,2996,21868,84.49,10.18,74.31,,,,
2021-10-09,1,Canada,Canada,29299785,1799014,27500771,76.61,4.70,71.90,29190455,1760889,27429566,87.18,5.26,81.92,,,,
2021-10-09,10,Newfoundland and Labrador,Terre-Neuve-et-Labrador,435167,35404,399763,83.60,6.80,76.80,435118,35387,399731,93.02,7.57,85.46,,,,
2021-10-09,11,Prince Edward Island,Île-du-Prince-Édouard,133744,9371,124373,81.39,5.70,75.69,133710,9337,124373,91.94,6.42,85.52,,,,
2021-10-09,12,Nova Scotia,Nouvelle-Écosse,792389,53220,739169,79.87,5.36,74.51,792388,53220,739168,89.6,6.02,83.58,,,,
2021-10-09,13,New Brunswick,Nouveau-Brunswick,625743,59722,566021,79.29,7.57,71.72,624142,58917,565225,88.92,8.39,80.53,,,,
2021-10-09,24,Quebec,Québec,6708650,249288,6459362,77.97,2.90,75.07,6708380,249018,6459362,89.06,3.31,85.75,,,,
2021-10-09,35,Ontario,Ontario,11346301,617162,10729139,76.53,4.16,72.37,11311498,608879,10702619,86.76,4.67,82.09,,,,
2021-10-09,46,Manitoba,Manitoba,1031804,50279,981525,74.56,3.63,70.93,1031706,50216,981490,87.73,4.27,83.46,,,,
2021-10-09,47,Saskatchewan,Saskatchewan,834370,85847,748523,70.72,7.28,63.44,832076,84661,747415,83.47,8.49,74.97,,,,
2021-10-09,48,Alberta,Alberta,3206709,349381,2857328,72.18,7.86,64.31,3143289,322871,2820418,82.9,8.51,74.38,,,,
2021-10-09,59,British Columbia,Colombie-Britannique,4096828,283089,3813739,78.56,5.43,73.13,4090197,282141,3808056,88.06,6.07,81.99,,,,
2021-10-09,60,Yukon,Yukon,32456,1426,31030,75.50,3.32,72.19,32408,1417,30991,87.11,3.81,83.3,,,,
2021-10-09,61,Northwest Territories,Territoires du Nord-Ouest,30513,1831,28682,67.06,4.02,63.03,30432,1831,28601,79.32,4.77,74.55,,,,
2021-10-09,62,Nunavut,Nunavut,25111,2994,22117,63.73,7.60,56.13,25111,2994,22117,85.33,10.17,75.15,,,,
2021-10-16,1,Canada,Canada,29460580,1675374,27785206,77.03,4.38,72.65,29351422,1639230,27712192,87.66,4.9,82.76,,,,
2021-10-16,10,Newfoundland and Labrador,Terre-Neuve-et-Labrador,440564,35205,405359,84.63,6.76,77.87,440513,35188,405325,94.18,7.52,86.65,,,,
2021-10-16,11,Prince Edward Island,Île-du-Prince-Édouard,134571,8680,125891,81.90,5.28,76.61,134516,8625,125891,92.49,5.93,86.56,,,,
2021-10-16,12,Nova Scotia,Nouvelle-Écosse,799522,52087,747435,80.59,5.25,75.34,799521,52087,747434,90.41,5.89,84.52,,,,
2021-10-16,13,New Brunswick,Nouveau-Brunswick,631516,58892,572624,80.02,7.46,72.56,629866,58230,571636,89.74,8.3,81.44,,,,
2021-10-16,24,Quebec,Québec,6733702,228058,6505644,78.26,2.65,75.61,6733434,227790,6505644,89.39,3.02,86.37,,,,
2021-10-16,35,Ontario,Ontario,11401106,568820,10832286,76.90,3.84,73.06,11365759,562011,10803748,87.17,4.31,82.86,,,,
2021-10-16,46,Manitoba,Manitoba,1038086,47630,990456,75.02,3.44,71.58,1037985,47564,990421,88.26,4.04,84.22,,,,
2021-10-16,47,Saskatchewan,Saskatchewan,842520,83047,759473,71.41,7.04,64.37,840233,82001,758232,84.28,8.23,76.06,,,,
2021-10-16,48,Alberta,Alberta,3235058,324602,2910456,72.81,7.31,65.51,3171981,298221,2873760,83.65,7.86,75.79,,,,
2021-10-16,59,British Columbia,Colombie-Britannique,4115184,261997,3853187,78.91,5.02,73.89,4108997,261165,3847832,88.47,5.62,82.84,,,,
2021-10-16,60,Yukon,Yukon,32484,1407,31077,75.57,3.27,72.30,32437,1399,31038,87.19,3.76,83.43,,,,
2021-10-16,61,Northwest Territories,Territoires du Nord-Ouest,30717,1792,28925,67.50,3.94,63.57,30636,1792,28844,79.86,4.67,75.19,,,,
2021-10-16,62,Nunavut,Nunavut,25550,3157,22393,64.84,8.01,56.83,25544,3157,22387,86.8,10.73,76.07,,,,